<PAMDataset>
  <PAMRasterBand band="1">
    <Description>Band_1</Description>
    <Histograms>
      <HistItem>
        <HistMin>3014</HistMin>
        <HistMax>6521</HistMax>
        <BucketCount>256</BucketCount>
        <IncludeOutOfRange>1</IncludeOutOfRange>
        <Approximate>0</Approximate>
        <HistCounts>3|7|50|17|23|25|66|37|53|467|149|147|139|192|176|154|221|336|249|243|354|285|300|321|372|306|295|364|456|296|246|301|232|258|284|297|225|234|292|298|232|253|258|225|226|229|261|239|198|218|199|196|166|174|146|157|145|154|138|136|130|145|134|135|118|82|66|70|59|76|64|72|73|54|62|59|56|60|49|44|46|54|45|39|42|33|29|25|14|14|15|18|24|20|18|15|9|12|11|10|6|4|5|4|2|5|1|2|2|4|2|2|4|3|4|3|3|1|0|3|2|0|1|0|2|4|2|5|2|4|1|1|3|4|0|1|4|0|2|3|2|3|2|3|5|6|4|5|4|3|2|0|1|2|1|5|2|4|2|1|4|3|2|1|6|2|2|6|2|1|2|2|5|4|1|3|7|1|1|4|3|4|3|4|3|3|1|1|2|3|2|5|6|1|2|4|0|4|3|3|2|1|1|2|1|1|1|0|0|0|0|0|0|0|0|0|0|0|0|0|1|0|0|2|1|2|0|0|1|1|0|0|2|2|1|2|2|0|0|0|0|2|0|0|1|0|1|0|2|2|1|0|1|0|0|1</HistCounts>
      </HistItem>
    </Histograms>
    <Metadata>
      <MDI key="BandName">Band_1</MDI>
      <MDI key="RepresentationType">THEMATIC</MDI>
      <MDI key="STATISTICS_COVARIANCES">132433.3986985199</MDI>
      <MDI key="STATISTICS_EXCLUDEDVALUES"></MDI>
      <MDI key="STATISTICS_MAXIMUM">6521</MDI>
      <MDI key="STATISTICS_MEAN">3568.6479645784</MDI>
      <MDI key="STATISTICS_MINIMUM">3014</MDI>
      <MDI key="STATISTICS_SKIPFACTORX">1</MDI>
      <MDI key="STATISTICS_SKIPFACTORY">1</MDI>
      <MDI key="STATISTICS_STDDEV">363.9139990417</MDI>
    </Metadata>
  </PAMRasterBand>
</PAMDataset>
