<PAMDataset>
  <PAMRasterBand band="1">
    <Description>Band_1</Description>
    <Histograms>
      <HistItem>
        <HistMin>4705</HistMin>
        <HistMax>8787</HistMax>
        <BucketCount>256</BucketCount>
        <IncludeOutOfRange>1</IncludeOutOfRange>
        <Approximate>0</Approximate>
        <HistCounts>2|4|8|10|9|11|7|7|7|6|7|5|6|6|5|6|3|8|3|8|3|4|8|4|2|7|4|3|6|3|5|5|3|3|5|5|2|3|4|4|4|5|4|3|3|5|2|3|4|5|2|3|3|3|4|3|3|3|4|2|5|4|1|4|5|1|1|6|2|2|2|3|1|1|2|3|1|1|2|2|2|1|2|1|1|3|1|1|3|1|1|1|3|1|1|3|2|1|2|3|2|1|4|6|2|6|3|2|5|4|5|3|2|5|2|3|3|2|7|3|6|7|10|14|9|18|15|22|18|22|16|18|22|20|26|14|11|14|15|16|7|13|11|11|7|7|9|9|9|11|6|3|6|6|4|3|3|3|6|2|4|3|1|3|6|4|2|6|1|2|3|4|2|2|3|3|3|1|6|2|2|6|2|3|1|4|1|2|1|4|1|1|3|3|2|0|2|2|1|2|0|1|0|2|3|1|1|0|0|0|2|1|2|2|0|0|0|0|0|1|0|0|1|1|3|1|0|0|0|1|0|0|1|1|1|1|0|0|0|1|1|0|0|1|0|1|0|1|0|0|0|0|2|2|0|1</HistCounts>
      </HistItem>
    </Histograms>
    <Metadata>
      <MDI key="BandName">Band_1</MDI>
      <MDI key="RepresentationType">THEMATIC</MDI>
      <MDI key="STATISTICS_COVARIANCES">880453.8106188845</MDI>
      <MDI key="STATISTICS_EXCLUDEDVALUES"></MDI>
      <MDI key="STATISTICS_MAXIMUM">8787</MDI>
      <MDI key="STATISTICS_MEAN">6413.2152641879</MDI>
      <MDI key="STATISTICS_MINIMUM">4705</MDI>
      <MDI key="STATISTICS_SKIPFACTORX">1</MDI>
      <MDI key="STATISTICS_SKIPFACTORY">1</MDI>
      <MDI key="STATISTICS_STDDEV">938.32500266106</MDI>
    </Metadata>
  </PAMRasterBand>
</PAMDataset>
