<PAMDataset>
  <PAMRasterBand band="1">
    <Description>Band_1</Description>
    <Histograms>
      <HistItem>
        <HistMin>3415</HistMin>
        <HistMax>7685</HistMax>
        <BucketCount>256</BucketCount>
        <IncludeOutOfRange>1</IncludeOutOfRange>
        <Approximate>0</Approximate>
        <HistCounts>3|2|2|1|0|1|0|5|4|7|7|8|6|10|10|9|10|12|7|15|6|13|8|16|20|13|15|11|16|16|16|14|9|9|15|10|16|15|9|15|10|11|7|9|11|12|6|13|11|8|7|12|14|4|5|11|5|5|7|13|9|11|6|11|9|5|4|5|7|4|13|6|8|6|3|9|6|6|7|9|10|7|4|13|7|5|5|11|6|7|13|12|6|5|6|7|13|11|8|15|13|9|9|7|14|12|10|13|15|9|10|12|15|7|7|7|11|16|6|6|16|10|14|11|10|9|17|10|11|13|8|11|13|12|10|10|13|10|7|10|12|11|9|13|10|11|9|7|6|11|9|11|13|13|8|6|4|4|9|13|10|10|10|7|9|9|9|12|14|10|12|12|4|10|9|10|9|6|10|8|8|10|2|11|9|6|11|6|9|6|6|7|3|7|2|6|7|7|3|6|3|2|7|3|1|3|0|2|2|6|0|2|1|3|1|1|2|1|1|1|1|1|2|0|1|1|2|0|1|1|3|3|0|1|0|1|3|2|1|1|5|1|1|0|2|5|1|14|3|4|0|0|1|1|0|1</HistCounts>
      </HistItem>
    </Histograms>
    <Metadata>
      <MDI key="BandName">Band_1</MDI>
      <MDI key="RepresentationType">THEMATIC</MDI>
      <MDI key="STATISTICS_COVARIANCES">1042045.987561029</MDI>
      <MDI key="STATISTICS_EXCLUDEDVALUES"></MDI>
      <MDI key="STATISTICS_MAXIMUM">7685</MDI>
      <MDI key="STATISTICS_MEAN">5200.914893617</MDI>
      <MDI key="STATISTICS_MINIMUM">3415</MDI>
      <MDI key="STATISTICS_SKIPFACTORX">1</MDI>
      <MDI key="STATISTICS_SKIPFACTORY">1</MDI>
      <MDI key="STATISTICS_STDDEV">1020.8065377735</MDI>
    </Metadata>
  </PAMRasterBand>
</PAMDataset>
