<PAMDataset>
  <PAMRasterBand band="1">
    <Description>Band_1</Description>
    <Histograms>
      <HistItem>
        <HistMin>3457</HistMin>
        <HistMax>4314</HistMax>
        <BucketCount>256</BucketCount>
        <IncludeOutOfRange>1</IncludeOutOfRange>
        <Approximate>0</Approximate>
        <HistCounts>18|23|37|26|32|34|22|24|26|15|24|21|16|20|15|14|19|17|17|23|14|20|23|23|38|33|35|47|34|23|40|38|27|36|30|32|35|28|43|35|32|61|41|41|68|47|53|67|48|69|57|54|87|61|65|105|75|63|93|76|92|68|73|103|72|73|98|81|71|93|78|66|95|72|88|71|56|84|69|57|85|59|65|80|59|88|60|51|76|60|63|84|63|75|85|71|73|100|70|101|71|86|100|77|74|112|75|87|103|81|110|85|82|107|85|87|114|84|86|114|87|129|90|93|122|97|92|129|85|101|116|88|90|116|85|106|84|83|113|74|81|104|68|64|101|62|83|64|62|65|57|49|86|47|53|63|58|57|54|52|69|45|43|76|44|47|71|51|52|65|46|70|48|51|65|51|48|61|52|46|61|39|57|40|42|49|39|38|41|40|32|48|32|37|41|39|47|32|49|57|48|40|58|47|47|47|35|47|34|29|46|26|25|40|32|29|49|33|29|20|22|22|13|10|15|16|6|12|10|11|14|5|17|9|6|13|10|11|12|5|9|14|3|4|2|4|5|1|3|2|4|1|3|1|2|1</HistCounts>
      </HistItem>
    </Histograms>
    <Metadata>
      <MDI key="BandName">Band_1</MDI>
      <MDI key="RepresentationType">THEMATIC</MDI>
      <MDI key="STATISTICS_COVARIANCES">33530.11567209056</MDI>
      <MDI key="STATISTICS_EXCLUDEDVALUES"></MDI>
      <MDI key="STATISTICS_MAXIMUM">4314</MDI>
      <MDI key="STATISTICS_MEAN">3845.8101050451</MDI>
      <MDI key="STATISTICS_MINIMUM">3457</MDI>
      <MDI key="STATISTICS_SKIPFACTORX">1</MDI>
      <MDI key="STATISTICS_SKIPFACTORY">1</MDI>
      <MDI key="STATISTICS_STDDEV">183.1123034427</MDI>
    </Metadata>
  </PAMRasterBand>
</PAMDataset>
