<PAMDataset>
  <PAMRasterBand band="1">
    <Description>Band_1</Description>
    <Histograms>
      <HistItem>
        <HistMin>1657</HistMin>
        <HistMax>7566</HistMax>
        <BucketCount>256</BucketCount>
        <IncludeOutOfRange>1</IncludeOutOfRange>
        <Approximate>0</Approximate>
        <HistCounts>160|361|548|809|1492|1240|1037|939|967|940|878|1001|1025|751|675|653|655|688|649|682|703|657|625|615|554|537|541|551|563|550|603|594|557|525|560|638|697|588|483|440|461|408|420|384|371|390|385|355|378|382|378|406|427|457|462|490|510|543|581|593|622|661|688|721|744|751|733|768|697|727|783|774|706|640|582|591|548|589|592|570|590|683|654|595|505|394|370|228|97|93|108|98|85|61|35|9|7|8|8|7|11|10|4|6|7|7|7|5|6|8|11|10|11|5|10|5|5|6|10|4|10|9|6|6|8|7|7|6|10|6|8|12|11|8|8|11|9|8|8|7|15|8|10|13|7|9|10|12|15|16|14|12|18|14|10|12|10|13|13|11|11|13|12|13|15|13|14|19|9|12|10|13|15|11|13|11|7|12|10|19|7|7|11|15|12|18|13|28|21|17|26|33|24|24|26|26|27|27|28|21|30|18|16|15|20|8|6|4|8|7|7|7|10|3|10|6|4|5|4|7|6|5|2|6|3|2|7|2|7|2|6|5|3|9|7|5|6|4|1|1|2|2|3|0|0|2|1|2|0|2|0|0|0|0|0|1</HistCounts>
      </HistItem>
    </Histograms>
    <Metadata>
      <MDI key="BandName">Band_1</MDI>
      <MDI key="RepresentationType">THEMATIC</MDI>
      <MDI key="STATISTICS_COVARIANCES">629943.5314612456</MDI>
      <MDI key="STATISTICS_EXCLUDEDVALUES"></MDI>
      <MDI key="STATISTICS_MAXIMUM">7566</MDI>
      <MDI key="STATISTICS_MEAN">2705.6406119214</MDI>
      <MDI key="STATISTICS_MINIMUM">1657</MDI>
      <MDI key="STATISTICS_SKIPFACTORX">1</MDI>
      <MDI key="STATISTICS_SKIPFACTORY">1</MDI>
      <MDI key="STATISTICS_STDDEV">793.68982068642</MDI>
    </Metadata>
  </PAMRasterBand>
</PAMDataset>
