<metadata xml:lang="en"><Esri><CreaDate>20190610</CreaDate><CreaTime>07395700</CreaTime><ArcGISFormat>1.0</ArcGISFormat><SyncOnce>FALSE</SyncOnce><DataProperties><itemProps><itemLocation><linkage Sync="TRUE">file://E:\PecosSlope_new\ps_georasters_tifs\R12_SanAndres_basediscext.tif</linkage><protocol Sync="TRUE">Local Area Network</protocol></itemLocation><imsContentType export="False"/><itemName Sync="TRUE">R12_SanAndres_basediscext.tif</itemName><nativeExtBox><westBL Sync="TRUE">420821.202200</westBL><eastBL Sync="TRUE">682321.202200</eastBL><southBL Sync="TRUE">3587769.028500</southBL><northBL Sync="TRUE">3741269.028500</northBL><exTypeCode Sync="TRUE">1</exTypeCode></nativeExtBox></itemProps><copyHistory><copy source="W:\statewide\aqua_map3D\am_data\PecosSlopeModel\Rasters\_QualityControledSurfaces_June2019\PecosSlope_FinalFaultedSurfaces.gdb" dest="\\agustin\amp\statewide\aqua_map3D\am_data\PecosSlopeModel\PecosSlope_FinalFaultedSurfaces.gdb" date="20190610" time="07395700"/></copyHistory><lineage><Process ToolSource="c:\program files (x86)\arcgis\desktop10.5\ArcToolbox\Toolboxes\Conversion Tools.tbx\RasterToGeodatabase" Date="20191107" Time="195957" Name="" export="">RasterToGeodatabase E:\aqua_map3D\am_data\PecosSlopeModel\BaseOf3kTDS_allUnits_hull.tif E:\aqua_map3D\am_data\PecosSlopeModel\PecosSlope_3D_Rasters.gdb #</Process><Process ToolSource="c:\program files (x86)\arcgis\desktop10.5\ArcToolbox\Toolboxes\Conversion Tools.tbx\RasterToGeodatabase" Date="20191108" Time="075013" Name="" export="">RasterToGeodatabase E:\aqua_map3D\am_data\PecosSlopeModel\R\WRRS_clustering_revised\alpha_normed_cluster2_base.tif;E:\aqua_map3D\am_data\PecosSlopeModel\R\WRRS_clustering_revised\alpha_normed_cluster3_base.tif;E:\aqua_map3D\am_data\PecosSlopeModel\R\WRRS_clustering_revised\alpha_normed_cluster4_base.tif;E:\aqua_map3D\am_data\PecosSlopeModel\R\WRRS_clustering_revised\alpha_normed_cluster5_base.tif;E:\aqua_map3D\am_data\PecosSlopeModel\R\WRRS_clustering_revised\alpha_normed_cluster6_base.tif;E:\aqua_map3D\am_data\PecosSlopeModel\R\WRRS_clustering_revised\alpha_normed_cluster7_base.tif E:\aqua_map3D\am_data\PecosSlopeModel\PecosSlope_3D_Rasters.gdb #</Process><Process ToolSource="c:\program files (x86)\arcgis\desktop10.5\ArcToolbox\Toolboxes\Conversion Tools.tbx\RasterToGeodatabase" Date="20200106" Time="185654" Name="" export="">RasterToGeodatabase E:\aqua_map3D\am_data\PecosSlopeModel\Rasters\_December2019Finals\9_UncertaintyAssessment\_FinalTotalUncertainties\Artesia_TotalUncertainty.tif;E:\aqua_map3D\am_data\PecosSlopeModel\Rasters\_December2019Finals\9_UncertaintyAssessment\_FinalTotalUncertainties\LDockum_TotalUncertainty.tif;E:\aqua_map3D\am_data\PecosSlopeModel\Rasters\_December2019Finals\9_UncertaintyAssessment\_FinalTotalUncertainties\SanAndres_TotalUncertainty_clpd.tif;E:\aqua_map3D\am_data\PecosSlopeModel\Rasters\_December2019Finals\9_UncertaintyAssessment\_FinalTotalUncertainties\SierraBlanca_TotalUncertainty_clpd.tif;E:\aqua_map3D\am_data\PecosSlopeModel\Rasters\_December2019Finals\9_UncertaintyAssessment\_FinalTotalUncertainties\UCretaceous_TotalUncertainty_clpd.tif;E:\aqua_map3D\am_data\PecosSlopeModel\Rasters\_December2019Finals\9_UncertaintyAssessment\_FinalTotalUncertainties\Yeso_TotalUncertainty_clpd.tif;E:\aqua_map3D\am_data\PecosSlopeModel\Rasters\_QualityControledSurfaces_June2019\FaultedTrends_JulyRevision\LOchoan_top_SumOfUncertainties_clp.tif;E:\aqua_map3D\am_data\PecosSlopeModel\Rasters\_QualityControledSurfaces_June2019\FaultedTrends_JulyRevision\LChinle_top_SumOfUncertainties_int.tif;E:\aqua_map3D\am_data\PecosSlopeModel\Rasters\_QualityControledSurfaces_June2019\FaultedTrends_JulyRevision\Artesia_top_SumOfUncertainties_clp.tif E:\aqua_map3D\am_data\PecosSlopeModel\PecosSlope_3D_Rasters.gdb #</Process></lineage><coordRef><type Sync="TRUE">Projected</type><geogcsn Sync="TRUE">GCS_North_American_1983</geogcsn><csUnits Sync="TRUE">Linear Unit: Meter (1.000000)</csUnits><projcsn Sync="TRUE">NAD_1983_UTM_Zone_13N</projcsn><peXml Sync="TRUE">&lt;ProjectedCoordinateSystem xsi:type='typens:ProjectedCoordinateSystem' xmlns:xsi='http://www.w3.org/2001/XMLSchema-instance' xmlns:xs='http://www.w3.org/2001/XMLSchema' xmlns:typens='http://www.esri.com/schemas/ArcGIS/10.8'&gt;&lt;WKT&gt;PROJCS[&amp;quot;NAD_1983_UTM_Zone_13N&amp;quot;,GEOGCS[&amp;quot;GCS_North_American_1983&amp;quot;,DATUM[&amp;quot;D_North_American_1983&amp;quot;,SPHEROID[&amp;quot;GRS_1980&amp;quot;,6378137.0,298.257222101]],PRIMEM[&amp;quot;Greenwich&amp;quot;,0.0],UNIT[&amp;quot;Degree&amp;quot;,0.0174532925199433]],PROJECTION[&amp;quot;Transverse_Mercator&amp;quot;],PARAMETER[&amp;quot;False_Easting&amp;quot;,500000.0],PARAMETER[&amp;quot;False_Northing&amp;quot;,0.0],PARAMETER[&amp;quot;Central_Meridian&amp;quot;,-105.0],PARAMETER[&amp;quot;Scale_Factor&amp;quot;,0.9996],PARAMETER[&amp;quot;Latitude_Of_Origin&amp;quot;,0.0],UNIT[&amp;quot;Meter&amp;quot;,1.0],AUTHORITY[&amp;quot;EPSG&amp;quot;,26913]]&lt;/WKT&gt;&lt;XOrigin&gt;-5120900&lt;/XOrigin&gt;&lt;YOrigin&gt;-9998100&lt;/YOrigin&gt;&lt;XYScale&gt;450445547.3910538&lt;/XYScale&gt;&lt;ZOrigin&gt;-100000&lt;/ZOrigin&gt;&lt;ZScale&gt;10000&lt;/ZScale&gt;&lt;MOrigin&gt;-100000&lt;/MOrigin&gt;&lt;MScale&gt;10000&lt;/MScale&gt;&lt;XYTolerance&gt;0.001&lt;/XYTolerance&gt;&lt;ZTolerance&gt;0.001&lt;/ZTolerance&gt;&lt;MTolerance&gt;0.001&lt;/MTolerance&gt;&lt;HighPrecision&gt;true&lt;/HighPrecision&gt;&lt;WKID&gt;26913&lt;/WKID&gt;&lt;LatestWKID&gt;26913&lt;/LatestWKID&gt;&lt;/ProjectedCoordinateSystem&gt;</peXml></coordRef><RasterProperties><General><PixelDepth Sync="TRUE">16</PixelDepth><HasColormap Sync="TRUE">FALSE</HasColormap><CompressionType Sync="TRUE">LZW</CompressionType><NumBands Sync="TRUE">1</NumBands><Format Sync="TRUE">TIFF</Format><HasPyramids Sync="TRUE">TRUE</HasPyramids><SourceType Sync="TRUE">discrete</SourceType><PixelType Sync="TRUE">signed integer</PixelType><NoDataValue Sync="TRUE">32767</NoDataValue></General></RasterProperties></DataProperties><ModDate>20221215</ModDate><ModTime>16090700</ModTime><scaleRange><minScale>625000</minScale><maxScale>500000</maxScale></scaleRange><ArcGISProfile>FGDC</ArcGISProfile><SyncDate>20221215</SyncDate><SyncTime>16090700</SyncTime></Esri><mdHrLv><ScopeCd value="005"/></mdHrLv><dataIdInfo><idPurp>Digital regional framework model for the subsurface geology beneath the Pecos Slope, lower Pecos River Valley (Roswell artesian basin), and Southern High Plains, including the Northwest Shelf of the Permian basin. Raster surfaces and contours represent the elevations of basal contacts of individual model units as well as the uncertainty in the contact surface elevation estimates. Intended for use at the county- to state-scale (approximately 1:500,000 to 1:1,000,000), and not appropriate for use in site-specific studies. The model only covers geologic units above the Abo Formation.</idPurp><idAbs>&lt;DIV STYLE="text-align:Left;"&gt;&lt;DIV&gt;&lt;DIV&gt;&lt;P STYLE="margin:0 0 11 0;"&gt;&lt;SPAN&gt;&lt;SPAN&gt;This data displays the regional subsurface geology of a region of southeastern New Mexico, covering the Pecos Slope (east slope of the Sacramento Mountains), the lower Pecos River Valley (Roswell artesian basin, covering Roswell south through Lake Brantley), and the Southern High Plains. The model is intended to be a ‘framework’ model to be used for illustrative purposes, in large-scale (1:500,000 to 1:1,000,000) studies, or as a ‘starting point’ for finer resolution studies; it should not be used as a sole source of data for site-specific studies. This model was constructed by compiling a variety of input datasets including well data, surface geologic mapping, geologic cross-sections, and structure contours, evaluating the input data using geostatistical methods, then interpolating contact surfaces between control point locations. The model was constructed with a target horizontal resolution of no better than 1 km by 1 km, and a target vertical resolution of no better than 100 ft. The final, total uncertainty in each contact surface as a function of location was estimated by combining the uncertainties from the interpolation methods used and an n-fold cross-validation approach to evaluating dataset uncertainty. Model construction methods can be found in a methods report available from the New Mexico Bureau of Geology and Mineral Resources (&lt;/SPAN&gt;&lt;/SPAN&gt;&lt;A href="https://geoinfo.nmt.edu/"&gt;&lt;SPAN&gt;&lt;SPAN&gt;https://geoinfo.nmt.edu/&lt;/SPAN&gt;&lt;/SPAN&gt;&lt;/A&gt;&lt;SPAN&gt;) or from the authors in the credits. &lt;/SPAN&gt;&lt;/P&gt;&lt;/DIV&gt;&lt;/DIV&gt;&lt;/DIV&gt;</idAbs><idCredit>Input data was compiled and data processing was conducted by Colin Cikoski, formerly of the New Mexico Bureau of Geology and Mineral Resources (NMBGMR). Funding was provided by the Healy Foundation and the Aquifer Mapping Program of the NMBGMR, managed by Stacy Timmons. Ron Broadhead (NMGBMR) provided substantial data for this effort, as did various projects sponsored by the Texas Water Development Board.</idCredit><idCitation xmlns=""><resTitle>Pecos Slope Digital Framework Model Geologic GIS Data</resTitle><date><createDate>2020-01-01T00:00:00</createDate><pubDate>2020-01-01T00:00:00</pubDate></date><citRespParty xmlns=""><rpIndName>Colin Cikoski</rpIndName><rpOrgName>New Mexico Bureau of Geology and Mineral Resources</rpOrgName><rpPosName>Geologist</rpPosName><role><RoleCd value="006"/></role><rpCntInfo xmlns=""><cntAddress addressType="both"><delPoint>801 Leroy Place</delPoint><city>Socorro</city><adminArea>NM</adminArea><postCode>87801</postCode><country>US</country></cntAddress><cntPhone><voiceNum tddtty="">575-418-0128</voiceNum></cntPhone></rpCntInfo></citRespParty><citRespParty xmlns=""><rpIndName>Stacy Timmons</rpIndName><rpOrgName>New Mexico Bureau of Geology and Mineral Resources</rpOrgName><rpPosName>Program Manager</rpPosName><role><RoleCd value="008"/></role><rpCntInfo xmlns=""><cntAddress addressType="both"><delPoint>801 Leroy Place</delPoint><city>Socorro</city><adminArea>NM</adminArea><postCode>87801</postCode><eMailAdd>Stacy.Timmons@nmt.edu</eMailAdd><country>US</country></cntAddress><cntPhone><voiceNum tddtty="">575-835-6951</voiceNum></cntPhone></rpCntInfo></citRespParty><presForm><PresFormCd value="005" Sync="TRUE"></PresFormCd></presForm></idCitation><searchKeys><keyword>New Mexico</keyword><keyword>geology</keyword><keyword>Pecos Slope</keyword><keyword>High Plains</keyword><keyword>Pecos Valley</keyword><keyword>Roswell artesian basin</keyword><keyword>Permian basin</keyword><keyword>subsurface</keyword><keyword>3D model</keyword></searchKeys><resConst><Consts><useLimit>&lt;DIV STYLE="text-align:Left;"&gt;&lt;DIV&gt;&lt;DIV&gt;&lt;P STYLE="margin:0 0 11 0;"&gt;&lt;SPAN&gt;&lt;SPAN&gt;These data are provided to aid in the understanding of the geologic and hydrologic resources of New Mexico. However, there are limitations for all data, particularly when subsurface interpretation is included, or when data are aggregated with other data that may have been collected at different times, by different agencies or people, and for different purposes. All geospatial data sets are inherently scale-dependent and may falsely imply relationships with other data or a false level of accuracy when zoomed-in beyond the scale of analysis. Users of this data should use with caution, site-specific conditions should also be verified, especially for legally binding decisions. Although we strive to present current and accurate information, data is provided without guarantee of any kind. Data provided on-line is also subject to change, deletion, or being moved without notice at any time and should not be relied on for any critical application. Not all data has been rigorously reviewed before posting, and any opinions expressed do not necessarily reflect the official position of the New Mexico Bureau of Geology and Mineral Resources, New Mexico Tech, or the State of New Mexico. No warranty, expressed or implied, is made regarding the accuracy or utility of the data for general or scientific purposes. &lt;/SPAN&gt;&lt;/SPAN&gt;&lt;/P&gt;&lt;P STYLE="margin:0 0 11 0;"&gt;&lt;SPAN&gt;&lt;SPAN&gt;Any mention or link regarding a product, company, or trade name is for information only and does not imply endorsement by the New Mexico Bureau of Geology and Mineral Resources, New Mexico Tech, or the State of New Mexico. &lt;/SPAN&gt;&lt;/SPAN&gt;&lt;/P&gt;&lt;P STYLE="margin:0 0 11 0;"&gt;&lt;SPAN&gt;&lt;SPAN&gt;Acknowledgment of or reference to this data would be appreciated in publications, maps or other data sets derived from these data. Suggested citation:&lt;/SPAN&gt;&lt;/SPAN&gt;&lt;/P&gt;&lt;P STYLE="margin:0 0 11 0;"&gt;&lt;SPAN&gt;3D Aquifer Mapping Team, 2020, Pecos Slope Digital Framework Model GIS Data: New Mexico Bureau of Geology and Mineral Resources Aquifer Mapping Program, accessed &amp;lt;date accessed&amp;gt; from &amp;lt;URL used for access&amp;gt;, scale 1:1,000,000.&lt;/SPAN&gt;&lt;/P&gt;&lt;/DIV&gt;&lt;/DIV&gt;&lt;/DIV&gt;</useLimit></Consts></resConst><dataExt xmlns=""><geoEle xmlns=""><GeoBndBox esriExtentType="search"><westBL>-106.495</westBL><eastBL>-103.019</eastBL><southBL>32.259</southBL><northBL>33.931</northBL></GeoBndBox></geoEle><exDesc>Sacremento Mountains crest line eastward across the lower Pecos River Valley and Southern High Plains to the Texas-New Mexico state line.</exDesc><tempEle><TempExtent><exTemp><TM_Instant><tmPosition>2020-01-01T00:00:00</tmPosition></TM_Instant></exTemp></TempExtent></tempEle></dataExt><placeKeys xmlns=""><keyword>Pecos slope, Sacramento Mountains, Roswell artesian basin, Pecos River, Permian basin, Southern High Plains</keyword></placeKeys><dataChar><CharSetCd value="004"/></dataChar><resMaint xmlns=""><maintFreq><MaintFreqCd value="010"/></maintFreq></resMaint><idStatus><ProgCd value="004"></ProgCd></idStatus><tpCat><TopicCatCd value="007"/></tpCat><tpCat><TopicCatCd value="008"/></tpCat><envirDesc Sync="TRUE"> Version 6.2 (Build 9200) ; Esri ArcGIS 10.8.1.14362</envirDesc><dataLang><languageCode value="eng" Sync="TRUE"></languageCode><countryCode value="USA" Sync="TRUE"></countryCode></dataLang><spatRpType><SpatRepTypCd value="002" Sync="TRUE"></SpatRepTypCd></spatRpType></dataIdInfo><mdChar><CharSetCd value="004"/></mdChar><mdDateSt>20200107</mdDateSt><mdContact xmlns=""><rpIndName>Colin Cikoski</rpIndName><rpOrgName>New Mexico Bureau of Geology and Mineral Resources</rpOrgName><rpPosName>Geologist</rpPosName><role><RoleCd value="006"/></role><rpCntInfo><cntAddress addressType="both"><delPoint>801 Leroy Place</delPoint><city>Socorro</city><adminArea>NM</adminArea><postCode>87801</postCode><country>US</country></cntAddress><cntPhone><voiceNum tddtty="">575-418-0128</voiceNum></cntPhone></rpCntInfo><displayName>Colin Cikoski</displayName></mdContact><mdConst><Consts xmlns=""><useLimit>&lt;DIV STYLE="text-align:Left;"&gt;&lt;DIV&gt;&lt;DIV&gt;&lt;P STYLE="margin:0 0 11 0;"&gt;&lt;SPAN&gt;&lt;SPAN&gt;These data are provided to aid in the understanding of the geologic and hydrologic resources of New Mexico. However, there are limitations for all data, particularly when subsurface interpretation is included, or when data are aggregated with other data that may have been collected at different times, by different agencies or people, and for different purposes. All geospatial data sets are inherently scale-dependent and may falsely imply relationships with other data or a false level of accuracy when zoomed-in beyond the scale of analysis. Users of this data should use with caution, site-specific conditions should also be verified, especially for legally binding decisions. Although we strive to present current and accurate information, data is provided without guarantee of any kind. Data provided on-line is also subject to change, deletion, or being moved without notice at any time and should not be relied on for any critical application. Not all data has been rigorously reviewed before posting, and any opinions expressed do not necessarily reflect the official position of the New Mexico Bureau of Geology and Mineral Resources, New Mexico Tech, or the State of New Mexico. No warranty, expressed or implied, is made regarding the accuracy or utility of the data for general or scientific purposes. &lt;/SPAN&gt;&lt;/SPAN&gt;&lt;/P&gt;&lt;P STYLE="margin:0 0 11 0;"&gt;&lt;SPAN&gt;&lt;SPAN&gt;Any mention or link regarding a product, company, or trade name is for information only and does not imply endorsement by the New Mexico Bureau of Geology and Mineral Resources, New Mexico Tech, or the State of New Mexico. &lt;/SPAN&gt;&lt;/SPAN&gt;&lt;/P&gt;&lt;P STYLE="margin:0 0 11 0;"&gt;&lt;SPAN&gt;&lt;SPAN&gt;Acknowledgment of or reference to this data would be appreciated in publications, maps or other data sets derived from these data. Suggested citation:&lt;/SPAN&gt;&lt;/SPAN&gt;&lt;/P&gt;&lt;P STYLE="margin:0 0 11 0;"&gt;&lt;SPAN&gt;3D Aquifer Mapping Team, 2020, Pecos Slope Digital Framework Model GIS Data: New Mexico Bureau of Geology and Mineral Resources Aquifer Mapping Program, accessed &amp;lt;date accessed&amp;gt; from &amp;lt;URL used for access&amp;gt;, scale 1:1,000,000.&lt;/SPAN&gt;&lt;/P&gt;&lt;/DIV&gt;&lt;/DIV&gt;&lt;/DIV&gt;</useLimit></Consts></mdConst><dqInfo xmlns=""><dataLineage><statement>This model was constructed by compiling a variety of input datasets including well data, surface geologic mapping, geologic cross-sections, and structure contours, evaluating the input data using geostatistical methods, then interpolating contact surfaces between control point locations. The model was constructed with a target horizontal resolution of no better than 1 km by 1 km, and a target vertical resolution of no better than 100 ft. The final, total uncertainty in each contact surface as a function of location was estimated by combining the uncertainties from the interpolation methods used and an n-fold cross-validation approach to evaluating dataset uncertainty. Model construction methods can be found in a methods report available from the New Mexico Bureau of Geology and Mineral Resources (https://geoinfo.nmt.edu/) or from the authors in the credits.</statement><dataSource xmlns="" type=""><srcDesc>Multple datasources were compiled for this project. Major contributors include Ron Broadhead of the New Mexico Bureau of Geology and projects sponsored by the Texas Water Development Board. Data was compiled and processed by Colin Cikoski.</srcDesc></dataSource><prcStep xmlns=""><stepDesc>This model was constructed by compiling a variety of input datasets including well data, surface geologic mapping, geologic cross-sections, and structure contours, evaluating the input data using geostatistical methods, then interpolating contact surfaces between control point locations. The model was constructed with a target horizontal resolution of no better than 1 km by 1 km, and a target vertical resolution of no better than 100 ft. The final, total uncertainty in each contact surface as a function of location was estimated by combining the uncertainties from the interpolation methods used and an n-fold cross-validation approach to evaluating dataset uncertainty. </stepDesc><stepDateTm>2020-01-01T00:00:00</stepDateTm><stepProc xmlns=""><rpIndName>Colin Cikoski</rpIndName><rpOrgName>New Mexico Bureau of Geology and Mineral Resources</rpOrgName><rpPosName>Geologist</rpPosName><role><RoleCd value="006"/></role><rpCntInfo><cntAddress addressType="both"><delPoint>801 Leroy Place</delPoint><city>Socorro</city><adminArea>NM</adminArea><postCode>87801</postCode><country>US</country></cntAddress><cntPhone><voiceNum tddtty="">575-418-0128</voiceNum></cntPhone></rpCntInfo><displayName>Colin Cikoski</displayName></stepProc></prcStep></dataLineage><report type="DQConcConsis" dimension="horizontal" xmlns=""><measDesc>Target horizontal resolution was 1 km by 1 km</measDesc></report><report type="DQCompOm" dimension="" xmlns=""><measDesc>The model was constructed with a target horizontal resolution of no better than 1 km by 1 km, and a target vertical resolution of no better than 100 ft. The final, total uncertainty in each contact surface as a function of location was estimated by combining the uncertainties from the interpolation methods used and an n-fold cross-validation approach to evaluating dataset uncertainty. </measDesc></report></dqInfo><mdLang><languageCode value="eng" Sync="TRUE"></languageCode><countryCode value="USA" Sync="TRUE"></countryCode></mdLang><distInfo><distFormat><formatName Sync="TRUE">Raster Dataset</formatName></distFormat></distInfo><mdHrLvName Sync="TRUE">dataset</mdHrLvName><refSysInfo><RefSystem><refSysID><identCode code="26913" Sync="TRUE"></identCode><idCodeSpace Sync="TRUE">EPSG</idCodeSpace><idVersion Sync="TRUE">6.13(3.0.1)</idVersion></refSysID></RefSystem></refSysInfo><spatRepInfo><Georect><cellGeo><CellGeoCd Sync="TRUE" value="002"></CellGeoCd></cellGeo><numDims Sync="TRUE">2</numDims><tranParaAv Sync="TRUE">1</tranParaAv><chkPtAv Sync="TRUE">0</chkPtAv><cornerPts><pos Sync="TRUE">420821.202200 3587769.028500</pos></cornerPts><cornerPts><pos Sync="TRUE">420821.202200 3741269.028500</pos></cornerPts><cornerPts><pos Sync="TRUE">682321.202200 3741269.028500</pos></cornerPts><cornerPts><pos Sync="TRUE">682321.202200 3587769.028500</pos></cornerPts><centerPt><pos Sync="TRUE">551571.202200 3664519.028500</pos></centerPt><axisDimension type="002"><dimSize Sync="TRUE">523</dimSize><dimResol><value Sync="TRUE" uom="m">500.000000</value></dimResol></axisDimension><axisDimension type="001"><dimSize Sync="TRUE">307</dimSize><dimResol><value Sync="TRUE" uom="m">500.000000</value></dimResol></axisDimension><ptInPixel><PixOrientCd Sync="TRUE" value="001"></PixOrientCd></ptInPixel></Georect></spatRepInfo><eainfo><detailed Name="R12_SanAndres_basediscext.tif.vat"><enttyp><enttypl Sync="TRUE">R12_SanAndres_basediscext.tif.vat</enttypl><enttypt Sync="TRUE">Table</enttypt><enttypc Sync="TRUE">12718</enttypc></enttyp><attr><attrlabl Sync="TRUE">OID</attrlabl><attalias Sync="TRUE">OID</attalias><attrtype Sync="TRUE">OID</attrtype><attwidth Sync="TRUE">4</attwidth><atprecis Sync="TRUE">0</atprecis><attscale Sync="TRUE">0</attscale><attrdef Sync="TRUE">Internal feature number.</attrdef><attrdefs Sync="TRUE">Esri</attrdefs><attrdomv><udom Sync="TRUE">Sequential unique whole numbers that are automatically generated.</udom></attrdomv></attr><attr><attrlabl Sync="TRUE">Value</attrlabl><attalias Sync="TRUE">Value</attalias><attrtype Sync="TRUE">Integer</attrtype><attwidth Sync="TRUE">10</attwidth><atprecis Sync="TRUE">10</atprecis><attscale Sync="TRUE">0</attscale></attr><attr><attrlabl Sync="TRUE">Count</attrlabl><attalias Sync="TRUE">Count</attalias><attrtype Sync="TRUE">Double</attrtype><attwidth Sync="TRUE">19</attwidth><atprecis Sync="TRUE">0</atprecis><attscale Sync="TRUE">0</attscale></attr></detailed></eainfo><contInfo><ImgDesc><contentTyp><ContentTypCd Sync="TRUE" value="002"></ContentTypCd></contentTyp><covDim><Band><dimDescrp Sync="TRUE">Band_1</dimDescrp><maxVal Sync="TRUE">9082.000000</maxVal><minVal Sync="TRUE">-4376.000000</minVal><bitsPerVal Sync="TRUE">16</bitsPerVal><valUnit><UOM type="length"></UOM></valUnit></Band></covDim></ImgDesc></contInfo></metadata>
